theorb.com.my,263
theorb.global,16
theorb.eu,16
theorbworld.com,16
teslaunion.eu.com,34
teslaunion.eu,34
royalcapitalclub.com,35
royalcc.club,35
royalcc.app,35
royal.digital,39
rifk.com.my,35
rifkroyalfund.com,35
rifkfund.com,35
rifk.fund,35
rifk.eu,35
rif.fund,x509: certificate has expired or is not yet valid: current time 2022-11-22T14:41:11+01:00 is after 2022-08-29T23:50:35Z
ribsk.eu,35
rib.sk,35
ribk.com.my,35
ribkroyalbank.com,35
ribkbank.com,35
ribk.eu,35
regiafonte.com,34
icwaste.management,dial tcp: lookup www.icwaste.management on 172.31.176.1:53: no such host
icif.fund,90
icinvestfund.com,90
ic.management,46
ic.finance,46
ic.consulting,46
ic.investments,46
ic.exchange,46
chateauprotivin.com,36
chateautheorb.com,36
theorb.cz,36
homesteadprotivin.com,46
podzamciprotivin.cz,46
dcapital.eu,85
aquaregia.group,35
abspayment.com,161
abspayment.eu,x509: certificate is valid for icdev.eu, not www.abspayment.eu
abspay.eu,remote error: tls: internal error
abs.broker,x509: certificate is valid for icdev.eu, not www.abs.broker
abs.credit,x509: certificate is valid for icdev.eu, not www.abs.credit
abs.exchange,x509: certificate is valid for icdev.eu, not www.abs.exchange
abs.house,x509: certificate is valid for icdev.eu, not www.abs.house
abs.loans,x509: certificate is valid for icdev.eu, not www.abs.loans
e-abs.money,x509: certificate is valid for icdev.eu, not www.e-abs.money
